internal_index,national_dex,original,web_icelandic,csv_icelandic,source_icelandic,status
1,1,BULBASAUR,Laukeðla,Laukeðla,Laukeðla,ok
2,2,IVYSAUR,Netlungur,Netlungur,Netlungur,ok
3,3,VENUSAUR,Arfagálkn,Arfagálkn,Arfagálkn,ok
4,4,CHARMANDER,Glóðmandra,Glóðmandra,Glóðmandra,ok
5,5,CHARMELEON,Kameldljón,Kameldljón,Kameldljón,ok
6,6,CHARIZARD,Bálormur,Bálormur,Bálormur,ok
7,7,SQUIRTLE,Sprautill,Sprautill,Sprautill,ok
8,8,WARTORTLE,Skjaldborgari,Skjaldborgari,Skjaldborgari,ok
9,9,BLASTOISE,Brynbaka,Brynbaka,Brynbaka,ok
10,10,CATERPIE,Lirfingur,Lirfingur,Lirfingur,ok
11,11,METAPOD,Púpisti,Púpisti,Púpisti,ok
12,12,BUTTERFREE,Frírildi,Frírildi,Frírildi,ok
13,13,WEEDLE,Nálgur,Nálgur,Nálgur,ok
14,14,KAKUNA,Hýðingur,Hýðingur,Hýðingur,ok
15,15,BEEDRILL,Borbý,Borbý,Borbý,ok
16,16,PIDGEY,Dúfutetur,Dúfutetur,Dúfutetur,ok
17,17,PIDGEOTTO,Dúfinn,Dúfinn,Dúfinn,ok
18,18,PIDGEOT,Dúfnastur,Dúfnastur,Dúfnastur,ok
19,19,RATTATA,Rottóttur,Rottóttur,Rottóttur,ok
20,20,RATICATE,Hrotta,Hrotta,Hrotta,ok
21,21,SPEAROW,Spjótrungur,Spjótrungur,Spjótrungur,ok
22,22,FEAROW,Geighegri,Geighegri,Geighegri,ok
23,23,EKANS,Arðan,Arðan,Arðan,ok
24,24,ARBOK,Agnals,Agnals,Agnals,ok
25,25,PIKACHU,Leifturskotta,Leifturskotta,Leifturskotta,ok
26,26,RAICHU,Þrumumús,Þrumumús,Þrumumús,ok
27,27,SANDSHREW,Sandsnjáldur,Sandsnjáldur,Sandsnjáldur,ok
28,28,SANDSLASH,Svöðusandur,Svöðusandur,Svöðusandur,ok
29,29,NIDORAN\sf,Náldur,Náldur,Náldur,ok
30,30,NIDORINA,Nálfrú,Nálfrú,Nálfrú,ok
31,31,NIDOQUEEN,Náldrottning,Náldrottning,Náldrottning,ok
32,32,NIDORAN\sm,Náldur,Náldur,Náldur,ok
33,33,NIDORINO,Nálherra,Nálherra,Nálherra,ok
34,34,NIDOKING,Nálkonungur,Nálkonungur,Nálkonungur,ok
35,35,CLEFAIRY,Bleikálfur,Bleikálfur,Bleikálfur,ok
36,36,CLEFABLE,Bleikgoði,Bleikgoði,Bleikgoði,ok
37,37,VULPIX,Halatófa,Halatófa,Halatófa,ok
38,38,NINETALES,Nírófa,Nírófa,Nírófa,ok
39,39,JIGGLYPUFF,Krúttípútt,Krúttípútt,Krúttípútt,ok
40,40,WIGGLYTUFF,Knúsfús,Knúsfús,Knúsfús,ok
41,41,ZUBAT,Blakildi,Blakildi,Blakildi,ok
42,42,GOLBAT,Skoltblaka,Skoltblaka,Skoltblaka,ok
43,43,ODDISH,Kálhaus,Kálhaus,Kálhaus,ok
44,44,GLOOM,Glúmur,Glúmur,Glúmur,ok
45,45,VILEPLUME,Miðurkolla,Miðurkolla,Miðurkolla,ok
46,46,PARAS,Sníkill,Sníkill,Sníkill,ok
47,47,PARASECT,Gróhýsill,Gróhýsill,Gróhýsill,ok
48,48,VENONAT,Hnoðurliði,Hnoðurliði,Hnoðurliði,ok
49,49,VENOMOTH,Bölfluga,Bölfluga,Bölfluga,ok
50,50,DIGLETT,Graflari,Graflari,Graflari,ok
51,51,DUGTRIO,Graflarar,Graflarar,Graflarar,ok
52,52,MEOWTH,Mjágjarn,Mjágjarn,Mjágjarn,ok
53,53,PERSIAN,Klófessor,Klófessor,Klófessor,ok
54,54,PSYDUCK,Mígrendi,Mígrendi,Mígrendi,ok
55,55,GOLDUCK,Gyllinönd,Gyllinönd,Gyllinönd,ok
56,56,MANKEY,Skapköttur,Skapköttur,Skapköttur,ok
57,57,PRIMEAPE,Skapi,Skapi,Skapi,ok
58,58,GROWLITHE,Blysrakki,Blysrakki,Blysrakki,ok
59,59,ARCANINE,Funhundur,Funhundur,Funhundur,ok
60,60,POLIWAG,Pottgormur,Pottgormur,Pottgormur,ok
61,61,POLIWHIRL,Hringekill,Hringekill,Hringekill,ok
62,62,POLIWRATH,Spíralofsi,Spíralofsi,Spíralofsi,ok
63,63,ABRA,Töfri,Töfri,Töfri,ok
64,64,KADABRA,Kúnstner,Kúnstner,Kúnstner,ok
65,65,ALAKAZAM,Galdursforseti,Galdursforseti,Galdursforseti,ok
66,66,MACHOP,Þrekangi,Þrekangi,Þrekangi,ok
67,67,MACHOKE,Aflgarpur,Aflgarpur,Aflgarpur,ok
68,68,MACHAMP,Fermundur,Fermundur,Fermundur,ok
69,69,BELLSPROUT,Bjallgresi,Bjallgresi,Bjallgresi,ok
70,70,WEEPINBELL,Grátklukka,Grátklukka,Grátklukka,ok
71,71,VICTREEBEL,Meinloka,Meinloka,Meinloka,ok
72,72,TENTACOOL,Holsepi,Holsepi,Holsepi,ok
73,73,TENTACRUEL,Glytnir,Glytnir,Glytnir,ok
74,74,GEODUDE,Aurgaur,Aurgaur,Aurgaur,ok
75,75,GRAVELER,Möldungur,Möldungur,Möldungur,ok
76,76,GOLEM,Bergjöfur,Bergjöfur,Bergjöfur,ok
77,77,PONYTA,Logald,Logald,Logald,ok
78,78,RAPIDASH,Eldklár,Eldklár,Eldklár,ok
79,79,SLOWPOKE,Sljón,Sljón,Sljón,ok
80,80,SLOWBRO,Sljónatan,Sljónatan,Sljónatan,ok
81,81,MAGNEMITE,Segill,Segill,Segill,ok
82,82,MAGNETON,Seglagerði,Seglagerði,Seglagerði,ok
83,83,FARFETCH'D,Andvígur,Andvígur,Andvígur,ok
84,84,DODUO,Parfugl,Parfugl,Parfugl,ok
85,85,DODRIO,Þrítrana,Þrítrana,Þrítrana,ok
86,86,SEEL,Kópangi,Kópangi,Kópangi,ok
87,87,DEWGONG,Snæljón,Snæljón,Snæljón,ok
88,88,GRIMER,Drullupolli,Drullupolli,Drullupolli,ok
89,89,MUK,Forsprakki,Forsprakki,Forsprakki,ok
90,90,SHELLDER,Skelsæll,Skelsæll,Skelsæll,ok
91,91,CLOYSTER,Vígulker,Vígulker,Vígulker,ok
92,92,GASTLY,Hrollur,Hrollur,Hrollur,ok
93,93,HAUNTER,Reimnir,Reimnir,Reimnir,ok
94,94,GENGAR,Vofursti,Vofursti,Vofursti,ok
95,95,ONIX,Gránamaðkur,Gránamaðkur,Gránamaðkur,ok
96,96,DROWZEE,Dávi,Dávi,Dávi,ok
97,97,HYPNO,Leiðslari,Leiðslari,Leiðslari,ok
98,98,KRABBY,Krabbakútur,Krabbakútur,Krabbakútur,ok
99,99,KINGLER,Krabbarbari,Krabbarbari,Krabbarbari,ok
100,100,VOLTORB,Stuðbolti,Stuðbolti,Stuðbolti,ok
101,101,ELECTRODE,Straumhnöttur,Straumhnöttur,Straumhnöttur,ok
102,102,EXEGGCUTE,Seggaldin,Seggaldin,Seggaldin,ok
103,103,EXEGGUTOR,Tálmatré,Tálmatré,Tálmatré,ok
104,104,CUBONE,Beinfari,Beinfari,Beinfari,ok
105,105,MAROWAK,Hnauskúpa,Hnauskúpa,Hnauskúpa,ok
106,106,HITMONLEE,Spyrnir,Spyrnir,Spyrnir,ok
107,107,HITMONCHAN,Hnefla,Hnefla,Hnefla,ok
108,108,LICKITUNG,Sleikjógn,Sleikjógn,Sleikjógn,ok
109,109,KOFFING,Kígildi,Kígildi,Kígildi,ok
110,110,WEEZING,Pústaskrápur,Pústaskrápur,Pústaskrápur,ok
111,111,RHYHORN,Horngrýti,Horngrýti,Horngrýti,ok
112,112,RHYDON,Steinhyrningur,Steinhyrningur,Steinhyrningur,ok
113,113,CHANSEY,Sælegg,Sælegg,Sælegg,ok
114,114,TANGELA,Fléttungur,Fléttungur,Fléttungur,ok
115,115,KANGASKHAN,Kengúrill,Kengúrill,Kengúrill,ok
116,116,HORSEA,Skolald,Skolald,Skolald,ok
117,117,SEADRA,Sjáfnir,Sjáfnir,Sjáfnir,ok
118,118,GOLDEEN,Bleikhyrna,Bleikhyrna,Bleikhyrna,ok
119,119,SEAKING,Fiskikóngur,Fiskikóngur,Fiskikóngur,ok
120,120,STARYU,Stirnir,Stirnir,Stirnir,ok
121,121,STARMIE,Stirningur,Stirningur,Stirningur,ok
122,122,MR. MIME,Hermiherra,Hermiherra,Hermiherra,ok
123,123,SCYTHER,Ljáspretta,Ljáspretta,Ljáspretta,ok
124,124,JYNX,Tálgrýla,Tálgrýla,Tálgrýla,ok
125,125,ELECTABUZZ,Spenndýr,Spenndýr,Spenndýr,ok
126,126,MAGMAR,Kvikyndi,Kvikyndi,Kvikyndi,ok
127,127,PINSIR,Hrellibjalla,Hrellibjalla,Hrellibjalla,ok
128,128,TAUROS,Stórþjór,Stórþjór,Stórþjór,ok
129,129,MAGIKARP,Greysleppa,Greysleppa,Greysleppa,ok
130,130,GYARADOS,Brimskratti,Brimskratti,Brimskratti,ok
131,131,LAPRAS,Lagargandur,Lagargandur,Lagargandur,ok
132,132,DITTO,Gervill,Gervill,Gervill,ok
133,133,EEVEE,Sniðdýr,Sniðdýr,Sniðdýr,ok
134,134,VAPOREON,Marbúi,Marbúi,Marbúi,ok
135,135,JOLTEON,Rafbúi,Rafbúi,Rafbúi,ok
136,136,FLAREON,Glóðbúi,Glóðbúi,Glóðbúi,ok
137,137,PORYGON,Grafíkja,Grafíkja,Grafíkja,ok
138,138,OMANYTE,Kuðungi,Kuðungi,Kuðungi,ok
139,139,OMASTAR,Holkrabbi,Holkrabbi,Holkrabbi,ok
140,140,KABUTO,Botnseti,Botnseti,Botnseti,ok
141,141,KABUTOPS,Djúpsaxi,Djúpsaxi,Djúpsaxi,ok
142,142,AERODACTYL,Himinvá,Himinvá,Himinvá,ok
143,143,SNORLAX,Hrotþurs,Hrotþurs,Hrotþurs,ok
144,144,ARTICUNO,Éljaskarfur,Éljaskarfur,Éljaskarfur,ok
145,145,ZAPDOS,Þórshani,Þórshani,Þórshani,ok
146,146,MOLTRES,Blossagaukur,Blossagaukur,Blossagaukur,ok
147,147,DRATINI,Dreksprek,Dreksprek,Dreksprek,ok
148,148,DRAGONAIR,Grandormur,Grandormur,Grandormur,ok
149,149,DRAGONITE,Drekvaxinn,Drekvaxinn,Drekvaxinn,ok
150,150,MEWTWO,Tvímýta,Tvímýta,Tvímýta,ok
151,151,MEW,Mýta,Mýta,Mýta,ok
152,152,CHIKORITA,Bleðill,Bleðill,Bleðill,ok
153,153,BAYLEEF,Þistilgumi,Þistilgumi,Þistilgumi,ok
154,154,MEGANIUM,Laufjöfur,Laufjöfur,Laufjöfur,ok
155,155,CYNDAQUIL,Brímir,Brímir,Brímir,ok
156,156,QUILAVA,Gosi,Gosi,Gosi,ok
157,157,TYPHLOSION,Bálhamur,Bálhamur,Bálhamur,ok
158,158,TOTODILE,Smádíll,Smádíll,Smádíll,ok
159,159,CROCONAW,Krókald,Krókald,Krókald,ok
160,160,FERALIGATR,Skolthrotti,Skolthrotti,Skolthrotti,ok
161,161,SENTRET,Skottspott,Skottspott,Skottspott,ok
162,162,FURRET,Randahnoðri,Randahnoðri,Randahnoðri,ok
163,163,HOOTHOOT,Taktseti,Taktseti,Taktseti,ok
164,164,NOCTOWL,Náttygla,Náttygla,Náttygla,ok
165,165,LEDYBA,Bjallveig,Bjallveig,Bjallveig,ok
166,166,LEDIAN,Maríuhetja,Maríuhetja,Maríuhetja,ok
167,167,SPINARAK,Spindill,Spindill,Spindill,ok
168,168,ARIADOS,Vefari,Vefari,Vefari,ok
169,169,CROBAT,Spellblaka,Spellblaka,Spellblaka,ok
170,170,CHINCHOU,Glótutla,Glótutla,Glótutla,ok
171,171,LANTURN,Lýsa,Lýsa,Lýsa,ok
172,172,PICHU,Stuðstúfa,Stuðstúfa,Stuðstúfa,ok
173,173,CLEFFA,Bleiklyndur,Bleiklyndur,Bleiklyndur,ok
174,174,IGGLYBUFF,Ogguponsa,Ogguponsa,Ogguponsa,ok
175,175,TOGEPI,Eggla,Eggla,Eggla,ok
176,176,TOGETIC,Klakvængja,Klakvængja,Klakvængja,ok
177,177,NATU,Spáfugl,Spáfugl,Spáfugl,ok
178,178,XATU,Hyglfygli,Hyglfygli,Hyglfygli,ok
179,179,MAREEP,Skærgemsi,Skærgemsi,Skærgemsi,ok
180,180,FLAAFFY,Hnykilvægur,Hnykilvægur,Hnykilvægur,ok
181,181,AMPHAROS,Standlambi,Standlambi,Standlambi,ok
182,182,BELLOSSOM,Faldlilja,Faldlilja,Faldlilja,ok
183,183,MARILL,Daggarögn,Daggarögn,Daggarögn,ok
184,184,AZUMARILL,Úðingur,Úðingur,Úðingur,ok
185,185,SUDOWOODO,Gervitré,Gervitré,Gervitré,ok
186,186,POLITOED,Gormkarta,Gormkarta,Gormkarta,ok
187,187,HOPPIP,Hoppurt,Hoppurt,Hoppurt,ok
188,188,SKIPLOOM,Skoppklukka,Skoppklukka,Skoppklukka,ok
189,189,JUMPLUFF,Hviðukolla,Hviðukolla,Hviðukolla,ok
190,190,AIPOM,Halamundur,Halamundur,Halamundur,ok
191,191,SUNKERN,Sólkarn,Sólkarn,Sólkarn,ok
192,192,SUNFLORA,Sumarbrá,Sumarbrá,Sumarbrá,ok
193,193,YANMA,Flugudreki,Flugudreki,Flugudreki,ok
194,194,WOOPER,Fenjapeð,Fenjapeð,Fenjapeð,ok
195,195,QUAGSIRE,Mýrarbolti,Mýrarbolti,Mýrarbolti,ok
196,196,ESPEON,Huginn,Huginn,Huginn,ok
197,197,UMBREON,Myrkurboði,Myrkurboði,Myrkurboði,ok
198,198,MURKROW,Kráklingur,Kráklingur,Kráklingur,ok
199,199,SLOWKING,Sljóannes,Sljóannes,Sljóannes,ok
200,200,MISDREAVUS,Misfari,Misfari,Misfari,ok
201,201,UNOWN,Ófekktur,Ófekktur,Ófekktur,ok
202,202,WOBBUFFET,Þrekfífill,Þrekfífill,Þrekfífill,ok
203,203,GIRAFARIG,Tvíraffi,Tvíraffi,Tvíraffi,ok
204,204,PINECO,Köngulhaus,Köngulhaus,Köngulhaus,ok
205,205,FORRETRESS,Barrvígi,Barrvígi,Barrvígi,ok
206,206,DUNSPARCE,Skottormur,Skottormur,Skottormur,ok
207,207,GLIGAR,Sviffauti,Sviffauti,Sviffauti,ok
208,208,STEELIX,Stálnamaðkur,Stálnamaðkur,Stálnamaðkur,ok
209,209,SNUBBULL,Urriði,Urriði,Urriði,ok
210,210,GRANBULL,Gjammbítur,Gjammbítur,Gjammbítur,ok
211,211,QWILFISH,Ígulhnöttur,Ígulhnöttur,Ígulhnöttur,ok
212,212,SCIZOR,Stálspretta,Stálspretta,Stálspretta,ok
213,213,SHUCKLE,Skriðubúri,Skriðubúri,Skriðubúri,ok
214,214,HERACROSS,Hornuxi,Hornuxi,Hornuxi,ok
215,215,SNEASEL,Slævar,Slævar,Slævar,ok
216,216,TEDDIURSA,Skífuhúnn,Skífuhúnn,Skífuhúnn,ok
217,217,URSARING,Baugbjörn,Baugbjörn,Baugbjörn,ok
218,218,SLUGMA,Letiglóð,Letiglóð,Letiglóð,ok
219,219,MAGCARGO,Kvikuhetta,Kvikuhetta,Kvikuhetta,ok
220,220,SWINUB,Svíli,Svíli,Svíli,ok
221,221,PILOSWINE,Lubbagöltur,Lubbagöltur,Lubbagöltur,ok
222,222,CORSOLA,Kóralsunna,Kóralsunna,Kóralsunna,ok
223,223,REMORAID,Suguggi,Suguggi,Suguggi,ok
224,224,OCTILLERY,Skolkrabbi,Skolkrabbi,Skolkrabbi,ok
225,225,DELIBIRD,Vistberi,Vistberi,Vistberi,ok
226,226,MANTINE,Breiðskata,Breiðskata,Breiðskata,ok
227,227,SKARMORY,Stálki,Stálki,Stálki,ok
228,228,HOUNDOUR,Vítisvargur,Vítisvargur,Vítisvargur,ok
229,229,HOUNDOOM,Helrakki,Helrakki,Helrakki,ok
230,230,KINGDRA,Hylþengill,Hylþengill,Hylþengill,ok
231,231,PHANPY,Fílingur,Fílingur,Fílingur,ok
232,232,DONPHAN,Erkifantur,Erkifantur,Erkifantur,ok
233,233,PORYGON2,Grafíkja 2,Grafíkja 2,Grafíkja 2,ok
234,234,STANTLER,Hvíslhjörtur,Hvíslhjörtur,Hvíslhjörtur,ok
235,235,SMEARGLE,Blikksill,Blikksill,Blikksill,ok
236,236,TYROGUE,Slegill,Slegill,Slegill,ok
237,237,HITMONTOP,Kringluhvirfill,Kringluhvirfill,Kringluhvirfill,ok
238,238,SMOOCHUM,Kosskjass,Kosskjass,Kosskjass,ok
239,239,ELEKID,Straumangi,Straumangi,Straumangi,ok
240,240,MAGBY,Gosögn,Gosögn,Gosögn,ok
241,241,MILTANK,Hnitgeymir,Hnitgeymir,Hnitgeymir,ok
242,242,BLISSEY,Glaumur,Glaumur,Glaumur,ok
243,243,RAIKOU,Þrumuóhm,Þrumuóhm,Þrumuóhm,ok
244,244,ENTEI,Funagarmur,Funagarmur,Funagarmur,ok
245,245,SUICUNE,Lagarvaldur,Lagarvaldur,Lagarvaldur,ok
246,246,LARVITAR,Lirfukríli,Lirfukríli,Lirfukríli,ok
247,247,PUPITAR,Gífurpúpa,Gífurpúpa,Gífurpúpa,ok
248,248,TYRANITAR,Gramjöfur,Gramjöfur,Gramjöfur,ok
249,249,LUGIA,Mardvali,Mardvali,Mardvali,ok
250,250,HO-OH,Glótrana,Glótrana,Glótrana,ok
251,251,CELEBI,Gróðursæll,Gróðursæll,Gróðursæll,ok
277,252,TREECKO,Gekklingur,Gekklingur,Gekklingur,ok
278,253,GROVYLE,Þyrilkemba,Þyrilkemba,Þyrilkemba,ok
279,254,SCEPTILE,Snarpharri,Snarpharri,Snarpharri,ok
280,255,TORCHIC,Glóðungi,Glóðungi,Glóðungi,ok
281,256,COMBUSKEN,Hanaslagur,Hanaslagur,Hanaslagur,ok
282,257,BLAZIKEN,Logaleggur,Logaleggur,Logaleggur,ok
283,258,MUDKIP,Pollapési,Pollapési,Pollapési,ok
284,259,MARSHTOMP,Mýrartraðki,Mýrartraðki,Mýrartraðki,ok
285,260,SWAMPERT,Leðjujötunn,Leðjujötunn,Leðjujötunn,ok
286,261,POOCHYENA,Hvolpbítur,Hvolpbítur,Hvolpbítur,ok
287,262,MIGHTYENA,Úlfúð,Úlfúð,Úlfúð,ok
288,263,ZIGZAGOON,Slynkur,Slynkur,Slynkur,ok
289,264,LINOONE,Beinskeitta,Beinskeitta,Beinskeitta,ok
290,265,WURMPLE,Rassmaðkur,Rassmaðkur,Rassmaðkur,ok
291,266,SILCOON,Reifangi,Reifangi,Reifangi,ok
292,267,BEAUTIFLY,Skrúðildi,Skrúðildi,Skrúðildi,ok
293,268,CASCOON,Hörkupúpa,Hörkupúpa,Hörkupúpa,ok
294,269,DUSTOX,Eiturmölur,Eiturmölur,Eiturmölur,ok
295,270,LOTAD,Flotblað,Flotblað,Flotblað,ok
296,271,LOMBRE,Hrekkjapadda,Hrekkjapadda,Hrekkjapadda,ok
297,272,LUDICOLO,Dansanas,Dansanas,Dansanas,ok
298,273,SEEDOT,Hnetukollur,Hnetukollur,Hnetukollur,ok
299,274,NUZLEAF,Trjálfur,Trjálfur,Trjálfur,ok
300,275,SHIFTRY,Vindvargur,Vindvargur,Vindvargur,ok
301,290,NINCADA,Rótarsuga,Rótarsuga,Rótarsuga,ok
302,291,NINJASK,Þeysifluga,Þeysifluga,Þeysifluga,ok
303,292,SHEDINJA,Ördeyða,Ördeyða,Ördeyða,ok
304,276,TAILLOW,Svölungur,Svölungur,Svölungur,ok
305,277,SWELLOW,Svólsvala,Svólsvala,Svólsvala,ok
306,285,SHROOMISH,Fýlusveppur,Fýlusveppur,Fýlusveppur,ok
307,286,BRELOOM,Teygjusveppur,Teygjusveppur,Teygjusveppur,ok
308,327,SPINDA,Spandla,Spandla,Spandla,ok
309,278,WINGULL,Vængjávur,Vængjávur,Vængjávur,ok
310,279,PELIPPER,Póstíkani,Póstíkani,Póstíkani,ok
311,283,SURSKIT,Pollastiklari,Pollastiklari,Pollastiklari,ok
312,284,MASQUERAIN,Grímumölur,Grímumölur,Grímumölur,ok
313,320,WAILMER,Hafbolti,Hafbolti,Hafbolti,ok
314,321,WAILORD,Hafhveli,Hafhveli,Hafhveli,ok
315,300,SKITTY,Mjálingur,Mjálingur,Mjálingur,ok
316,301,DELCATTY,Fínmjáll,Fínmjáll,Fínmjáll,ok
317,352,KECLEON,Litbrigðir,Litbrigðir,Litbrigðir,ok
318,343,BALTOY,Leirsnúður,Leirsnúður,Leirsnúður,ok
319,344,CLAYDOL,Leirgoð,Leirgoð,Leirgoð,ok
320,299,NOSEPASS,Áttviti,Áttviti,Áttviti,ok
321,324,TORKOAL,Kvikbaka,Kvikbaka,Kvikbaka,ok
322,302,SABLEYE,Smargörður,Smargörður,Smargörður,ok
323,339,BARBOACH,Leirskeggi,Leirskeggi,Leirskeggi,ok
324,340,WHISCASH,Vasskeggur,Vasskeggur,Vasskeggur,ok
325,370,LUVDISC,Hjartahlýri,Hjartahlýri,Hjartahlýri,ok
326,341,CORPHISH,Klóalabbi,Klóalabbi,Klóalabbi,ok
327,342,CRAWDAUNT,Hrellilabbi,Hrellilabbi,Hrellilabbi,ok
328,349,FEEBAS,Ræfill,Ræfill,Ræfill,ok
329,350,MILOTIC,Mílódís,Mílódís,Mílódís,ok
330,318,CARVANHA,Rifkjaftur,Rifkjaftur,Rifkjaftur,ok
331,319,SHARPEDO,Tundurkarl,Tundurkarl,Tundurkarl,ok
332,328,TRAPINCH,Gryfjukjaftur,Gryfjukjaftur,Gryfjukjaftur,ok
333,329,VIBRAVA,Titringur,Titringur,Titringur,ok
334,330,FLYGON,Sandreki,Sandreki,Sandreki,ok
335,296,MAKUHITA,Glímukútur,Glímukútur,Glímukútur,ok
336,297,HARIYAMA,Glímujötunn,Glímujötunn,Glímujötunn,ok
337,309,ELECTRIKE,Neistahvolpur,Neistahvolpur,Neistahvolpur,ok
338,310,MANECTRIC,Rafmakki,Rafmakki,Rafmakki,ok
339,322,NUMEL,Kvika,Kvika,Kvika,ok
340,323,CAMERUPT,Kamelína,Kamelína,Kamelína,ok
341,363,SPHEAL,Kúluselur,Kúluselur,Kúluselur,ok
342,364,SEALEO,Séljón,Séljón,Séljón,ok
343,365,WALREIN,Rostkóngur,Rostkóngur,Rostkóngur,ok
344,331,CACNEA,Spíssþeytir,Spíssþeytir,Spíssþeytir,ok
345,332,CACTURNE,Náttþyrnir,Náttþyrnir,Náttþyrnir,ok
346,361,SNORUNT,Snjókríli,Snjókríli,Snjókríli,ok
347,362,GLALIE,Frostgríma,Frostgríma,Frostgríma,ok
348,337,LUNATONE,Mánateinn,Mánateinn,Mánateinn,ok
349,338,SOLROCK,Sólgrýti,Sólgrýti,Sólgrýti,ok
350,298,AZURILL,Vatnakríli,Vatnakríli,Vatnakríli,ok
351,325,SPOINK,Skoppgrís,Skoppgrís,Skoppgrís,ok
352,326,GRUMPIG,Seiðsvín,Seiðsvín,Seiðsvín,ok
353,311,PLUSLE,Rótari,Rótari,Rótari,ok
354,312,MINUN,Rafari,Rafari,Rafari,ok
355,303,MAWILE,Glefsir,Glefsir,Glefsir,ok
356,307,MEDITITE,Íhugull,Íhugull,Íhugull,ok
357,308,MEDICHAM,Huggarpur,Huggarpur,Huggarpur,ok
358,333,SWABLU,Bláhnoðri,Bláhnoðri,Bláhnoðri,ok
359,334,ALTARIA,Söngvængja,Söngvængja,Söngvængja,ok
360,360,WYNAUT,Kvíkki,Kvíkki,Kvíkki,ok
361,355,DUSKULL,Rökkurkúpa,Rökkurkúpa,Rökkurkúpa,ok
362,356,DUSCLOPS,Myrklópi,Myrklópi,Myrklópi,ok
363,315,ROSELIA,Þyrnirós,Þyrnirós,Þyrnirós,ok
364,287,SLAKOTH,Slappi,Slappi,Slappi,ok
365,288,VIGOROTH,Hamhleypa,Hamhleypa,Hamhleypa,ok
366,289,SLAKING,Slakur,Slakur,Slakur,ok
367,316,GULPIN,Þambi,Þambi,Þambi,ok
368,317,SWALOT,Svelgur,Svelgur,Svelgur,ok
369,357,TROPIUS,Hitabeltingur,Hitabeltingur,Hitabeltingur,ok
370,293,WHISMUR,Pískur,Pískur,Pískur,ok
371,294,LOUDRED,Gargari,Gargari,Gargari,ok
372,295,EXPLOUD,Ærandi,Ærandi,Ærandi,ok
373,366,CLAMPERL,Perluskel,Perluskel,Perluskel,ok
374,367,HUNTAIL,Ginur,Ginur,Ginur,ok
375,368,GOREBYSS,Djúpdís,Djúpdís,Djúpdís,ok
376,359,ABSOL,Váboði,Váboði,Váboði,ok
377,353,SHUPPET,Skuggabrúða,Skuggabrúða,Skuggabrúða,ok
378,354,BANETTE,Bölbrúða,Bölbrúða,Bölbrúða,ok
379,336,SEVIPER,Hjuggormur,Hjuggormur,Hjuggormur,ok
380,335,ZANGOOSE,Klómangur,Klómangur,Klómangur,ok
381,369,RELICANTH,Fornuggi,Fornuggi,Fornuggi,ok
382,304,ARON,Járnlingur,Járnlingur,Járnlingur,ok
383,305,LAIRON,Stálbítur,Stálbítur,Stálbítur,ok
384,306,AGGRON,Stálvargur,Stálvargur,Stálvargur,ok
385,351,CASTFORM,Veðurlíki,Veðurlíki,Veðurlíki,ok
386,313,VOLBEAT,Blysfluga,Blysfluga,Blysfluga,ok
387,314,ILLUMISE,Glóðarfluga,Glóðarfluga,Glóðarfluga,ok
388,345,LILEEP,Steilja,Steilja,Steilja,ok
389,346,CRADILY,Hnilja,Hnilja,Hnilja,ok
390,347,ANORITH,Fornkló,Fornkló,Fornkló,ok
391,348,ARMALDO,Beltisgeir,Beltisgeir,Beltisgeir,ok
392,280,RALTS,Árari,Árari,Árari,ok
393,281,KIRLIA,Áradís,Áradís,Áradís,ok
394,282,GARDEVOIR,Verndardís,Verndardís,Verndardís,ok
395,371,BAGON,Skalladreki,Skalladreki,Skalladreki,ok
396,372,SHELGON,Skeldreki,Skeldreki,Skeldreki,ok
397,373,SALAMENCE,Ógnardreki,Ógnardreki,Ógnardreki,ok
398,374,BELDUM,Bjölluketill,Bjölluketill,Bjölluketill,ok
399,375,METANG,Parketill,Parketill,Parketill,ok
400,376,METAGROSS,Kvartill,Kvartill,Kvartill,ok
401,377,REGIROCK,Steinvörður,Steinvörður,Steinvörður,ok
402,378,REGICE,Ísvörður,Ísvörður,Ísvörður,ok
403,379,REGISTEEL,Stálvörður,Stálvörður,Stálvörður,ok
404,382,KYOGRE,Hafgúa,Hafgúa,Hafgúa,ok
405,383,GROUDON,Surtur,Surtur,Surtur,ok
406,384,RAYQUAZA,Vindhöggur,Vindhöggur,Vindhöggur,ok
407,380,LATIAS,Hilling,Hilling,Hilling,ok
408,381,LATIOS,Vitrun,Vitrun,Vitrun,ok
409,385,JIRACHI,Óskastjarna,Óskastjarna,Óskastjarna,ok
410,386,DEOXYS,Skerðhvati,Skerðhvati,Skerðhvati,ok
411,358,CHIMECHO,Hljómur,Hljómur,Hljómur,ok
,387,Turtwig,,,,not-in-gen3-csv
